{
    "loss": 42.37143325805664,
    "accuracy": 0.4313725531101227
}