{
    "loss": 6.189615726470947,
    "accuracy": 0.6078431606292725
}