{
    "loss": 4.161576271057129,
    "accuracy": 0.843137264251709
}